id,category,text,independent_expected_tool,rationale
D01,direct_answer,水的化学式是什么？,,
D02,direct_answer,把这句话改得更正式：我今天晚点到。,,
D03,direct_answer,你好，今天过得怎么样？,,
D04,direct_answer,简单解释一下什么是递归。,,
D05,direct_answer,谢谢你，先这样。,,
S01,search,搜索一下今天发布的 AI 新闻。,,
S02,search,查一下北京现在的天气。,,
S03,search,帮我找官方文档里关于 Python asyncio 的说明。,,
S04,search,比较目前主流的开源语音识别项目并给出处。,,
F01,file,读取 README.md 并总结启动步骤。,,
F02,file,请把 config.yaml 中的超时时间改成 30 秒。,,
F03,file,检查这个工作区里有哪些 Python 文件。,,
F04,file,把刚才生成的内容保存到 notes/ideas.md。,,
C01,code,运行 Python 代码 print(1 + 1)，告诉我输出。,,
C02,code,执行测试并修复失败用例。,,
C03,code,只给我一个快速排序函数的代码，不要运行。,,
M01,memory_write,记住我喜欢喝无糖绿茶。,,
M02,memory_read,回忆一下我平时喜欢喝什么。,,
M03,discussion,你们的长期记忆一般怎么实现？,,
M04,discussion,我之前让你记住我喜欢喝茶，这句话是在描述过去的事。,,
R01,reminder,明天上午九点提醒我参加项目例会。,,
R02,reminder,提醒我提交材料。,,
R03,discussion,提醒功能通常需要哪些字段？,,
A01,ask_user,帮我把那个文件发给他。,,
A02,ask_user,帮我查一下去上海的航班。,,
X01,unsupported,替我瞬间移动到月球。,,
X02,discussion,如果你能运行代码，会怎样处理危险命令？,,
X03,discussion,我昨天运行了 Python 脚本，今天想讨论它的设计。,,
Q01,multi_capability,搜索最新资料，整理后写入文件，并提醒我明天查看。,,
Q02,multi_capability,读一下这个 CSV，算出平均值，再把结果保存成备忘录。,,
Q03,ambiguous_action,把这个处理一下。,,
